Product,Price,Date
iPhone 16 Pro Max 256GB - Chính hãng VN/A,34990000,10/1/2024
iPhone 16 Pro Max 512GB - Chính hãng VN/A,40490000,10/1/2024
iPhone 16 Pro 128GB - Chính hãng VN/A,28490000,10/1/2024
iPhone 16 Pro 256GB - Chính hãng VN/A,31490000,10/1/2024
iPhone 16 Plus 128GB - Chính hãng VN/A,25490000,10/1/2024
iPhone 16 128GB - Chính hãng VN/A,21990000,10/1/2024
Tai nghe AirPods Pro 2 2024 - Chính hãng VN/A,10890000,10/1/2024
Apple Watch S10 GPS 42mm viền nhôm dây cao su - Chính hãng VN/A,13490000,10/1/2024
Apple Watch S10 LTE 42mm Viền Nhôm Dây Cao Su - Chính hãng VN/A,19890000,10/1/2024
Apple Watch S10 LTE 42mm Viền Titan Dây Cao Su - Chính hãng VN/A,21190000,10/1/2024
Apple Watch S10 LTE 42mm Viền Titan Dây Thép - Chính hãng VN/A,25490000,10/1/2024
Apple Watch Ultra 2 2024 GPS + LTE 49mm - Vỏ Titan Dây Thép,490000,10/1/2024
Cốc sạc nhanh Apple 20W Type-C Chính Hãng MUVV3ZA,1390000,10/1/2024
Cốc sạc nhanh Apple 35W 2 cổng Type-C Chính Hãng MW2K3ZA,490000,10/1/2024
Cáp Type-C to Lightning Apple 1m Chính Hãng MUQ93ZA,490000,10/1/2024
Cáp Type-C to Type-C Apple 1m dây dù Chính Hãng MQKJ3ZA,1199000,10/1/2024
Đế sạc không dây Apple MagSafe 25W (1m) Chính Hãng MX6X3VN,1129000,10/1/2024
Ốp lưng MagSafe iPhone 16 Apple Clear Chính Hãng,1129000,10/1/2024
Ốp lưng MagSafe iPhone 16 Plus Apple Silicone Chính Hãng,1129000,10/1/2024
Ốp lưng MagSafe iPhone 16 Pro Apple Silicone Chính Hãng,1129000,10/1/2024
Ốp lưng MagSafe iPhone 16 Pro Max Apple Silicone Chính Hãng,1699000,10/1/2024
Ví Apple iPhone FineWoven Wallet with MagSafe - Dark Green,420000,10/1/2024
Ốp lưng Magsafe iPhone 16 Pro Max Mipow Tempered Transparent Clear,690000,10/1/2024
Ốp lưng Magsafe iPhone 16 Pro Max ZAGG Milan,690000,10/1/2024
Ốp lưng Magsafe iPhone 16 LAUT Aero Sparkle,690000,10/1/2024
Ốp lưng Magsafe iPhone 16 Pro LAUT Holo Pearl,490000,10/1/2024
Ốp lưng Magsafe iPhone 16 Pro ESR Classic Hybrid HaloLock,590000,10/1/2024
Ốp lưng Magsafe iPhone 16 ZAGG ESNTL Hampton Matte,890000,10/1/2024
Ốp lưng Magsafe iPhone 16 Plus ZAGG Denali KS,650000,10/1/2024
Ốp lưng Magsafe iPhone 16 Pro Max ZAGG Novelty Neko,350000,10/1/2024
Cường lực iPhone 16 Pro Max JCPAL Preserver,390000,10/1/2024
Cường lực chống ánh sáng xanh iPhone 16 Pro JCPAL Preserver,250000,10/1/2024
Dán bảo vệ camera iPhone 16/16 Plus Mipow Titanshield,290000,10/1/2024
Dán bảo vệ camera iPhone 16 Pro/16 Pro Max Mipow Titanshield,350000,10/1/2024
Cường lực chống nhìn trộm iPhone 16 Pro Max Mipow Kingbull HD Premium Silk,390000,10/1/2024
Cường lực chống ánh sáng xanh iPhone 16 Plus/15 Plus ZAGG Elite Edge,390000,10/1/2024
Cường lực chống nhìn trộm iPhone 16 Pro ZAGG Elite Edge,350000,10/1/2024
Dán bảo vệ camera iPhone 16 Pro/16 Pro Max Zeelot Pishield,390000,10/1/2024
Cường lực chống vân tay iPhone 16 Pro Max Zeelot Solidsleek,290000,10/1/2024
Cốc sạc nhanh MOCOLL 20W PD Type-C,790000,10/1/2024
Pin sạc dự phòng Innostyle PowerMax 20.000 mAh 20W IP20KPD,1190000,10/1/2024
Pin sạc dự phòng Innostyle 10.000 mAh 20W PowerMag Duo 2 in 1 IW202,159000,10/1/2024
Pin sạc dự phòng Innostyle 10.000 mAh PowerGo Smart Ai,150000,10/1/2024
Cường lực iPhone 15 Pro T-Rex Ultra-Tempered,150000,10/1/2024
Cường lực iPhone 15 Pro Max T-Rex Ultra-Tempered,1350000,10/1/2024
Đế sạc không dây Innostyle Magstation 3 in 1,1690000,10/1/2024
Cốc sạc nhanh Innostyle 100W GaN Supercube 3C1A,490000,10/1/2024
Túi chống sốc MacBook 14 inch Jinya Classic Sleeve,590000,10/1/2024
Túi chống sốc MacBook 16 inch Jinya Work Sleeve,550000,10/1/2024
Túi chống sốc MacBook 14 inch Jinya Work Sleeve,560000,10/1/2024
Túi chống sốc MacBook 16 inch Jinya Classic Sleeve,2190000,10/1/2024
Pin sạc dự phòng Aukey 27.600 mAh 140W Sprint X,990000,10/1/2024
Phần mềm Microsoft 365 Personal (Dành cho 1 người) | 12 tháng | 1 TB OneDrive / 5 thiết bị / người [Key Gia hạn/mua mới],1490000,10/1/2024
Phần mềm Microsoft 365 Family (Tối đa 6 người) | 12 tháng | 1 TB OneDrive / 5 thiết bị / người [Key Gia hạn/mua mới],2190000,10/1/2024
Phần mềm Microsoft 365 Home & Student 2021 vĩnh viễn PC/Mac/Mobile (1 User/1 thiết bị),199000,10/1/2024
Ốp lưng bảo vệ iPhone 14 Plus ZAGG Clear,550000,10/1/2024
Ốp lưng Magsafe iPhone 15 Pro Max ZAGG Santa Cruz,450000,10/1/2024
Ốp lưng Magsafe iPhone 15 Pro ZAGG Luxe PCR,550000,10/1/2024
Ốp lưng Magsafe iPhone 15 ZAGG Crystal Palace,2160000,10/1/2024
Ốp lưng kèm bàn phím iPad Gen 10 ZAGG Pro Keys,1190000,10/1/2024
Ốp lưng kèm bàn phím iPad 10.2 inch/10.5 inch ZAGG Messenger Folio 2,3390000,10/1/2024
Ốp lưng iPad Pro 12.9 inch ZAGG kèm bàn phím Trackpad,2790000,10/1/2024
Ốp lưng iPad Pro 11 inch ZAGG kèm bàn phím Trackpad,1490000,10/1/2024
Bàn phím ZAGG 7 màu Backlit Keyboard Fabric Stand Flex,2790000,10/1/2024
Ốp lưng kèm bàn phím iPad Pro 12.9 inch 2021 ZAGG Pro Keys,2190000,10/1/2024
Ốp lưng kèm bàn phím iPad Pro 11 inch ZAGG Pro Keys,1990000,10/1/2024
Ốp lưng kèm bàn phím iPad 10.9/11 inch ZAGG Pro Keys,28390000,10/1/2024
iPhone 15 Pro Max 256GB - Chính hãng VN/A,19390000,10/1/2024
iPhone 15 128GB - Chính hãng VN/A,24390000,10/1/2024
iPhone 15 Pro 128GB - Chính hãng VN/A,22290000,10/1/2024
iPhone 15 Plus 128GB - Chính hãng VN/A,34690000,10/1/2024
iPhone 15 Pro Max 512GB - Chính hãng VN/A,22290000,10/1/2024
iPhone 15 256GB - Chính hãng VN/A,27190000,10/1/2024
iPhone 15 Pro 256GB - Chính hãng VN/A,24890000,10/1/2024
iPhone 15 Plus 256GB - Chính hãng VN/A,41790000,10/1/2024
iPhone 15 Pro Max 1TB - Chính hãng VN/A,27990000,10/1/2024
iPhone 15 512GB - Chính hãng VN/A,32990000,10/1/2024
iPhone 15 Pro 512GB - Chính hãng VN/A,28890000,10/1/2024
iPhone 15 Plus 512GB - Chính hãng VN/A,8490000,10/1/2024
iPhone 11 64GB - Chính hãng VN/A,11190000,10/1/2024
iPhone 12 64GB -  Chính hãng VN/A,13890000,10/1/2024
iPhone 13 128GB - Chính Hãng VN/A,16590000,10/1/2024
iPhone 14 128GB - Chính hãng VN/A,9690000,10/1/2024
iPhone 11 128GB -  Chính hãng VN/A,19390000,10/1/2024
iPhone 14 Plus 128GB - Chính hãng VN/A,12990000,10/1/2024
iPhone 12 128GB -  Chính hãng VN/A,18790000,10/1/2024
iPhone 12 256GB -  Chính hãng VN/A,6990000,10/1/2024
iPad Gen 9 Wifi 64GB - Chính Hãng VN,9390000,10/1/2024
iPad Gen 10 Wifi 64GB - Chính hãng VN,15890000,10/1/2024
iPad Air 6 M2 11 inch Wifi 128GB - Chính hãng VN,26990000,10/1/2024
iPad Pro M4 11 inch Wifi 256GB - Chính hãng VN,12290000,10/1/2024
iPad Mini 6 Wifi 64GB - Chính Hãng VN,13190000,10/1/2024
iPad Gen 10 Wifi 256GB - Chính hãng VN,19890000,10/1/2024
iPad Air 6 M2 11 inch 5G 128GB- Chính hãng VN,32290000,10/1/2024
iPad Pro M4 11 inch 5G 256GB - Chính hãng VN,32190000,10/1/2024
iPad Pro M4 11 inch Wifi 512GB - Chính hãng VN,18690000,10/1/2024
iPad Air 6 M2 11 inch Wifi 256GB - Chính hãng VN,17990000,10/1/2024
MacBook Air M1 13 inch 8GB/256GB - Chính Hãng VN,23190000,10/1/2024
MacBook Air M2 13 inch 8GB/256GB - Chính Hãng VN,26390000,10/1/2024
MacBook Air M3 13 inch 8GB/256GB - Chính Hãng VN,37990000,10/1/2024
MacBook Pro M3 14 inch 8GB/512GB Chính Hãng VN,28390000,10/1/2024
MacBook Air M2 13 inch 16GB/256GB - Chính Hãng VN,30890000,10/1/2024
MacBook Air M3 15 inch 8GB/256GB - Chính Hãng VN,43290000,10/1/2024
MacBook Pro M3 14 inch 16GB/512GB Chính Hãng VN,31090000,10/1/2024
MacBook Air M3 13 inch 16GB/256GB - Chính Hãng VN,31090000,10/1/2024
MacBook Air M3 13 inch 8GB/512GB - Chính Hãng VN,48490000,10/1/2024
MacBook Pro M3 14 inch 24GB/512GB - Chính Hãng VN,10890000,10/1/2024
Apple Watch S10 GPS 42mm viền nhôm dây cao su - Chính hãng VN/A,21190000,10/1/2024
Apple Watch S10 LTE 42mm Viền Titan Dây Thép - Chính hãng VN/A,19890000,10/1/2024
Apple Watch S10 LTE 42mm Viền Titan Dây Cao Su - Chính hãng VN/A,25490000,10/1/2024
Apple Watch Ultra 2 2024 GPS + LTE 49mm - Vỏ Titan Dây Thép,13490000,10/1/2024
Apple Watch S10 LTE 42mm Viền Nhôm Dây Cao Su - Chính hãng VN/A,6390000,10/1/2024
Apple Watch SE 2023 GPS 44mm Viền Nhôm Dây Vải - Chính hãng VN/A,9040000,10/1/2024
Apple Watch S9 GPS 41mm Viền Nhôm Dây Vải - Chính hãng VN/A,7040000,10/1/2024
Apple Watch SE 2023 LTE 40mm Viền Nhôm Dây Vải - Chính hãng VN/A,11790000,10/1/2024
Apple Watch S9 LTE 41mm Viền Nhôm Dây Cao Su - Chính hãng VN/A,17990000,10/1/2024
Apple Watch S9 LTE 41mm viền thép dây thép - Chính hãng VN/A,25490000,10/1/2024
Samsung Galaxy Z Flip6 12GB 256GB,39490000,10/1/2024
Samsung Galaxy Z Fold6 12GB 256GB,14990000,10/1/2024
Samsung Galaxy Z Flip5 8GB 512GB,47990000,10/1/2024
Samsung Galaxy Z Fold5 12GB 1TB,17990000,10/1/2024
Samsung Galaxy S24 8GB 256GB,28990000,10/1/2024
Samsung Galaxy S24 Ultra 12GB 256GB,7490000,10/1/2024
Samsung Galaxy A35 5G 8GB 128GB,9090000,10/1/2024
Samsung Galaxy A55 5G 8GB 128GB,4190000,10/1/2024
Samsung Galaxy A15 4G 8GB 128GB,5990000,10/1/2024
Samsung Galaxy A25 5G 6GB 128GB,2790000,10/1/2024
Samsung Galaxy A05 4GB 128GB,3390000,10/1/2024
Samsung Galaxy A05s 4GB 128GB,4990000,10/1/2024
Samsung Galaxy Tab A9 Plus Wifi 4GB 64GB,11990000,10/1/2024
Samsung Galaxy Tab S9 FE Plus Wifi 8GB 128GB,15990000,10/1/2024
Samsung Galaxy Tab S9 Wifi 8GB 128GB,18690000,10/1/2024
Samsung Galaxy Tab S9 5G 8GB 128GB,12990000,10/1/2024
Tai nghe AirPods Pro 2 2024 - Chính hãng VN/A,2750000,10/1/2024
Tai nghe Bluetooth AirPods Max 2024 - Chính hãng VN/A,3790000,10/1/2024
Tai nghe Bluetooth AirPods 2 -  Chính hãng VN (New Fullbox),5390000,10/1/2024
Tai nghe AirPods 3 2022 - Chính hãng VN (New Fullbox),490000,10/1/2024
Tai nghe AirPods Pro 2 2023 (Cổng sạc Type-C) - Chính hãng VN,4690000,10/1/2024
Loa Bluetooth Alpha Works AW-Ride,6590000,10/1/2024
Tai nghe Bluetooth True Wireless JBL Tour Pro 2,9900000,10/1/2024
Tai nghe chụp tai JBL Tour One M2,13500000,10/1/2024
Loa Bluetooth JBL Partybox Encore (Kèm Micro),2600000,10/1/2024
Loa Bluetooth B&O BeoLit 20,7490000,10/1/2024
iPhone 16 Pro Max 256GB - Chính hãng VN/A,34990000,10/2/2024
iPhone 16 Pro Max 512GB - Chính hãng VN/A,40490000,10/2/2024
iPhone 16 Pro 128GB - Chính hãng VN/A,28490000,10/2/2024
iPhone 16 Pro 256GB - Chính hãng VN/A,31490000,10/2/2024
iPhone 16 Plus 128GB - Chính hãng VN/A,25490000,10/2/2024
iPhone 16 128GB - Chính hãng VN/A,22190000,10/2/2024
Tai nghe AirPods Pro 2 2024 - Chính hãng VN/A,10890000,10/2/2024
Apple Watch S10 GPS 42mm viền nhôm dây cao su - Chính hãng VN/A,13490000,10/2/2024
Apple Watch S10 LTE 42mm Viền Nhôm Dây Cao Su - Chính hãng VN/A,19890000,10/2/2024
Apple Watch S10 LTE 42mm Viền Titan Dây Cao Su - Chính hãng VN/A,21190000,10/2/2024
Apple Watch S10 LTE 42mm Viền Titan Dây Thép - Chính hãng VN/A,25490000,10/2/2024
Apple Watch Ultra 2 2024 GPS + LTE 49mm - Vỏ Titan Dây Thép,490000,10/2/2024
Cốc sạc nhanh Apple 20W Type-C Chính Hãng MUVV3ZA,1390000,10/2/2024
Cốc sạc nhanh Apple 35W 2 cổng Type-C Chính Hãng MW2K3ZA,490000,10/2/2024
Cáp Type-C to Lightning Apple 1m Chính Hãng MUQ93ZA,490000,10/2/2024
Cáp Type-C to Type-C Apple 1m dây dù Chính Hãng MQKJ3ZA,1199000,10/2/2024
Đế sạc không dây Apple MagSafe 25W (1m) Chính Hãng MX6X3VN,1129000,10/2/2024
Ốp lưng MagSafe iPhone 16 Apple Clear Chính Hãng,1129000,10/2/2024
Ốp lưng MagSafe iPhone 16 Plus Apple Silicone Chính Hãng,1129000,10/2/2024
Ốp lưng MagSafe iPhone 16 Pro Apple Silicone Chính Hãng,1129000,10/2/2024
Ốp lưng MagSafe iPhone 16 Pro Max Apple Silicone Chính Hãng,1699000,10/2/2024
Ví Apple iPhone FineWoven Wallet with MagSafe - Dark Green,420000,10/2/2024
Ốp lưng Magsafe iPhone 16 Pro Max Mipow Tempered Transparent Clear,690000,10/2/2024
Ốp lưng Magsafe iPhone 16 Pro Max ZAGG Milan,690000,10/2/2024
Ốp lưng Magsafe iPhone 16 LAUT Aero Sparkle,690000,10/2/2024
Ốp lưng Magsafe iPhone 16 Pro LAUT Holo Pearl,490000,10/2/2024
Ốp lưng Magsafe iPhone 16 Pro ESR Classic Hybrid HaloLock,590000,10/2/2024
Ốp lưng Magsafe iPhone 16 ZAGG ESNTL Hampton Matte,890000,10/2/2024
Ốp lưng Magsafe iPhone 16 Plus ZAGG Denali KS,650000,10/2/2024
Ốp lưng Magsafe iPhone 16 Pro Max ZAGG Novelty Neko,350000,10/2/2024
Cường lực iPhone 16 Pro Max JCPAL Preserver,390000,10/2/2024
Cường lực chống ánh sáng xanh iPhone 16 Pro JCPAL Preserver,250000,10/2/2024
Dán bảo vệ camera iPhone 16/16 Plus Mipow Titanshield,290000,10/2/2024
Dán bảo vệ camera iPhone 16 Pro/16 Pro Max Mipow Titanshield,350000,10/2/2024
Cường lực chống nhìn trộm iPhone 16 Pro Max Mipow Kingbull HD Premium Silk,390000,10/2/2024
Cường lực chống ánh sáng xanh iPhone 16 Plus/15 Plus ZAGG Elite Edge,390000,10/2/2024
Cường lực chống nhìn trộm iPhone 16 Pro ZAGG Elite Edge,350000,10/2/2024
Dán bảo vệ camera iPhone 16 Pro/16 Pro Max Zeelot Pishield,390000,10/2/2024
Cường lực chống vân tay iPhone 16 Pro Max Zeelot Solidsleek,290000,10/2/2024
Cốc sạc nhanh MOCOLL 20W PD Type-C,790000,10/2/2024
Pin sạc dự phòng Innostyle PowerMax 20.000 mAh 20W IP20KPD,1190000,10/2/2024
Pin sạc dự phòng Innostyle 10.000 mAh 20W PowerMag Duo 2 in 1 IW202,159000,10/2/2024
Pin sạc dự phòng Innostyle 10.000 mAh PowerGo Smart Ai,150000,10/2/2024
Cường lực iPhone 15 Pro T-Rex Ultra-Tempered,150000,10/2/2024
Cường lực iPhone 15 Pro Max T-Rex Ultra-Tempered,1350000,10/2/2024
Đế sạc không dây Innostyle Magstation 3 in 1,1690000,10/2/2024
Cốc sạc nhanh Innostyle 100W GaN Supercube 3C1A,490000,10/2/2024
Túi chống sốc MacBook 14 inch Jinya Classic Sleeve,590000,10/2/2024
Túi chống sốc MacBook 16 inch Jinya Work Sleeve,550000,10/2/2024
Túi chống sốc MacBook 14 inch Jinya Work Sleeve,560000,10/2/2024
Túi chống sốc MacBook 16 inch Jinya Classic Sleeve,2190000,10/2/2024
Pin sạc dự phòng Aukey 27.600 mAh 140W Sprint X,990000,10/2/2024
Phần mềm Microsoft 365 Personal (Dành cho 1 người) | 12 tháng | 1 TB OneDrive / 5 thiết bị / người [Key Gia hạn/mua mới],1490000,10/2/2024
Phần mềm Microsoft 365 Family (Tối đa 6 người) | 12 tháng | 1 TB OneDrive / 5 thiết bị / người [Key Gia hạn/mua mới],2190000,10/2/2024
Phần mềm Microsoft 365 Home & Student 2021 vĩnh viễn PC/Mac/Mobile (1 User/1 thiết bị),199000,10/2/2024
Ốp lưng bảo vệ iPhone 14 Plus ZAGG Clear,550000,10/2/2024
Ốp lưng Magsafe iPhone 15 Pro Max ZAGG Santa Cruz,450000,10/2/2024
Ốp lưng Magsafe iPhone 15 Pro ZAGG Luxe PCR,550000,10/2/2024
Ốp lưng Magsafe iPhone 15 ZAGG Crystal Palace,2160000,10/2/2024
Ốp lưng kèm bàn phím iPad Gen 10 ZAGG Pro Keys,1190000,10/2/2024
Ốp lưng kèm bàn phím iPad 10.2 inch/10.5 inch ZAGG Messenger Folio 2,3390000,10/2/2024
Ốp lưng iPad Pro 12.9 inch ZAGG kèm bàn phím Trackpad,1490000,10/2/2024
Ốp lưng iPad Pro 11 inch ZAGG kèm bàn phím Trackpad,2790000,10/2/2024
Bàn phím ZAGG 7 màu Backlit Keyboard Fabric Stand Flex,2190000,10/2/2024
Ốp lưng kèm bàn phím iPad Pro 12.9 inch 2021 ZAGG Pro Keys,1990000,10/2/2024
Ốp lưng kèm bàn phím iPad Pro 11 inch ZAGG Pro Keys,28390000,10/2/2024
Ốp lưng kèm bàn phím iPad 10.9/11 inch ZAGG Pro Keys,19390000,10/2/2024
iPhone 15 Pro Max 256GB - Chính hãng VN/A,24490000,10/2/2024
iPhone 15 128GB - Chính hãng VN/A,22290000,10/2/2024
iPhone 15 Pro 128GB - Chính hãng VN/A,34690000,10/2/2024
iPhone 15 Plus 128GB - Chính hãng VN/A,22290000,10/2/2024
iPhone 15 Pro Max 512GB - Chính hãng VN/A,27290000,10/2/2024
iPhone 15 256GB - Chính hãng VN/A,24890000,10/2/2024
iPhone 15 Pro 256GB - Chính hãng VN/A,41790000,10/2/2024
iPhone 15 Plus 256GB - Chính hãng VN/A,27990000,10/2/2024
iPhone 15 Pro Max 1TB - Chính hãng VN/A,32990000,10/2/2024
iPhone 15 512GB - Chính hãng VN/A,28890000,10/2/2024
iPhone 15 Pro 512GB - Chính hãng VN/A,8490000,10/2/2024
iPhone 15 Plus 512GB - Chính hãng VN/A,11190000,10/2/2024
iPhone 11 64GB - Chính hãng VN/A,13890000,10/2/2024
iPhone 12 64GB -  Chính hãng VN/A,16590000,10/2/2024
iPhone 13 128GB - Chính Hãng VN/A,9690000,10/2/2024
iPhone 14 128GB - Chính hãng VN/A,19390000,10/2/2024
iPhone 11 128GB -  Chính hãng VN/A,12990000,10/2/2024
iPhone 14 Plus 128GB - Chính hãng VN/A,18790000,10/2/2024
iPhone 12 128GB -  Chính hãng VN/A,6990000,10/2/2024
iPhone 12 256GB -  Chính hãng VN/A,9390000,10/2/2024
iPad Gen 9 Wifi 64GB - Chính Hãng VN,15890000,10/2/2024
iPad Gen 10 Wifi 64GB - Chính hãng VN,26990000,10/2/2024
iPad Air 6 M2 11 inch Wifi 128GB - Chính hãng VN,12290000,10/2/2024
iPad Pro M4 11 inch Wifi 256GB - Chính hãng VN,13190000,10/2/2024
iPad Mini 6 Wifi 64GB - Chính Hãng VN,19890000,10/2/2024
iPad Gen 10 Wifi 256GB - Chính hãng VN,32290000,10/2/2024
iPad Air 6 M2 11 inch 5G 128GB- Chính hãng VN,32190000,10/2/2024
iPad Pro M4 11 inch 5G 256GB - Chính hãng VN,18690000,10/2/2024
iPad Pro M4 11 inch Wifi 512GB - Chính hãng VN,17990000,10/2/2024
iPad Air 6 M2 11 inch Wifi 256GB - Chính hãng VN,23190000,10/2/2024
MacBook Air M1 13 inch 8GB/256GB - Chính Hãng VN,26390000,10/2/2024
MacBook Air M2 13 inch 8GB/256GB - Chính Hãng VN,37990000,10/2/2024
MacBook Air M3 13 inch 8GB/256GB - Chính Hãng VN,28390000,10/2/2024
MacBook Pro M3 14 inch 8GB/512GB Chính Hãng VN,30890000,10/2/2024
MacBook Air M2 13 inch 16GB/256GB - Chính Hãng VN,43290000,10/2/2024
MacBook Air M3 15 inch 8GB/256GB - Chính Hãng VN,31090000,10/2/2024
MacBook Pro M3 14 inch 16GB/512GB Chính Hãng VN,31090000,10/2/2024
MacBook Air M3 13 inch 16GB/256GB - Chính Hãng VN,48490000,10/2/2024
MacBook Air M3 13 inch 8GB/512GB - Chính Hãng VN,10890000,10/2/2024
MacBook Pro M3 14 inch 24GB/512GB - Chính Hãng VN,21190000,10/2/2024
Apple Watch S10 GPS 42mm viền nhôm dây cao su - Chính hãng VN/A,19890000,10/2/2024
Apple Watch S10 LTE 42mm Viền Titan Dây Thép - Chính hãng VN/A,25490000,10/2/2024
Apple Watch S10 LTE 42mm Viền Titan Dây Cao Su - Chính hãng VN/A,13490000,10/2/2024
Apple Watch Ultra 2 2024 GPS + LTE 49mm - Vỏ Titan Dây Thép,6390000,10/2/2024
Apple Watch S10 LTE 42mm Viền Nhôm Dây Cao Su - Chính hãng VN/A,9040000,10/2/2024
Apple Watch SE 2023 GPS 44mm Viền Nhôm Dây Vải - Chính hãng VN/A,7040000,10/2/2024
Apple Watch S9 GPS 41mm Viền Nhôm Dây Vải - Chính hãng VN/A,11790000,10/2/2024
Apple Watch SE 2023 LTE 40mm Viền Nhôm Dây Vải - Chính hãng VN/A,17990000,10/2/2024
Apple Watch S9 LTE 41mm Viền Nhôm Dây Cao Su - Chính hãng VN/A,26990000,10/2/2024
Apple Watch S9 LTE 41mm viền thép dây thép - Chính hãng VN/A,41990000,10/2/2024
Samsung Galaxy Z Flip6 12GB 256GB,17990000,10/2/2024
Samsung Galaxy Z Fold6 12GB 256GB,47990000,10/2/2024
Samsung Galaxy Z Flip5 8GB 512GB,22990000,10/2/2024
Samsung Galaxy Z Fold5 12GB 1TB,29990000,10/2/2024
Samsung Galaxy S24 8GB 256GB,7990000,10/2/2024
Samsung Galaxy S24 Ultra 12GB 256GB,9690000,10/2/2024
Samsung Galaxy A35 5G 8GB 128GB,4490000,10/2/2024
Samsung Galaxy A55 5G 8GB 128GB,5990000,10/2/2024
Samsung Galaxy A15 4G 8GB 128GB,3090000,10/2/2024
Samsung Galaxy A25 5G 6GB 128GB,3590000,10/2/2024
Samsung Galaxy A05 4GB 128GB,5490000,10/2/2024
Samsung Galaxy A05s 4GB 128GB,12990000,10/2/2024
Samsung Galaxy Tab A9 Plus Wifi 4GB 64GB,17590000,10/2/2024
Samsung Galaxy Tab S9 FE Plus Wifi 8GB 128GB,19990000,10/2/2024
Samsung Galaxy Tab S9 Wifi 8GB 128GB,12990000,10/2/2024
Samsung Galaxy Tab S9 5G 8GB 128GB,2750000,10/2/2024
Tai nghe AirPods Pro 2 2024 - Chính hãng VN/A,3790000,10/2/2024
Tai nghe Bluetooth AirPods Max 2024 - Chính hãng VN/A,5390000,10/2/2024
Tai nghe Bluetooth AirPods 2 -  Chính hãng VN (New Fullbox),490000,10/2/2024
Tai nghe AirPods 3 2022 - Chính hãng VN (New Fullbox),4690000,10/2/2024
Tai nghe AirPods Pro 2 2023 (Cổng sạc Type-C) - Chính hãng VN,6590000,10/2/2024
Loa Bluetooth Alpha Works AW-Ride,9900000,10/2/2024
Tai nghe Bluetooth True Wireless JBL Tour Pro 2,13500000,10/2/2024
Tai nghe chụp tai JBL Tour One M2,2600000,10/2/2024
Loa Bluetooth JBL Partybox Encore (Kèm Micro),7490000,10/2/2024
iPhone 16 Pro Max 256GB - Chính hãng VN/A,34990000,10/1/2024
iPhone 16 Pro Max 512GB - Chính hãng VN/A,40490000,10/1/2024
iPhone 16 Pro 128GB - Chính hãng VN/A,28490000,10/1/2024
iPhone 16 Pro 256GB - Chính hãng VN/A,31490000,10/1/2024
iPhone 16 Plus 128GB - Chính hãng VN/A,25490000,10/1/2024
iPhone 16 128GB - Chính hãng VN/A,21990000,10/1/2024
Tai nghe AirPods Pro 2 2024 - Chính hãng VN/A,10890000,10/1/2024
Apple Watch S10 GPS 42mm viền nhôm dây cao su - Chính hãng VN/A,13490000,10/1/2024
Apple Watch S10 LTE 42mm Viền Nhôm Dây Cao Su - Chính hãng VN/A,19890000,10/1/2024
Apple Watch S10 LTE 42mm Viền Titan Dây Cao Su - Chính hãng VN/A,21190000,10/1/2024
Apple Watch S10 LTE 42mm Viền Titan Dây Thép - Chính hãng VN/A,25490000,10/1/2024
Apple Watch Ultra 2 2024 GPS + LTE 49mm - Vỏ Titan Dây Thép,490000,10/1/2024
Cốc sạc nhanh Apple 20W Type-C Chính Hãng MUVV3ZA,1390000,10/1/2024
Cốc sạc nhanh Apple 35W 2 cổng Type-C Chính Hãng MW2K3ZA,490000,10/1/2024
Cáp Type-C to Lightning Apple 1m Chính Hãng MUQ93ZA,490000,10/1/2024
Cáp Type-C to Type-C Apple 1m dây dù Chính Hãng MQKJ3ZA,1199000,10/1/2024
Đế sạc không dây Apple MagSafe 25W (1m) Chính Hãng MX6X3VN,1129000,10/1/2024
Ốp lưng MagSafe iPhone 16 Apple Clear Chính Hãng,1129000,10/1/2024
Ốp lưng MagSafe iPhone 16 Plus Apple Silicone Chính Hãng,1129000,10/1/2024
Ốp lưng MagSafe iPhone 16 Pro Apple Silicone Chính Hãng,1129000,10/1/2024
Ốp lưng MagSafe iPhone 16 Pro Max Apple Silicone Chính Hãng,1699000,10/1/2024
Ví Apple iPhone FineWoven Wallet with MagSafe - Dark Green,420000,10/1/2024
Ốp lưng Magsafe iPhone 16 Pro Max Mipow Tempered Transparent Clear,690000,10/1/2024
Ốp lưng Magsafe iPhone 16 Pro Max ZAGG Milan,690000,10/1/2024
Ốp lưng Magsafe iPhone 16 LAUT Aero Sparkle,690000,10/1/2024
Ốp lưng Magsafe iPhone 16 Pro LAUT Holo Pearl,490000,10/1/2024
Ốp lưng Magsafe iPhone 16 Pro ESR Classic Hybrid HaloLock,590000,10/1/2024
Ốp lưng Magsafe iPhone 16 ZAGG ESNTL Hampton Matte,890000,10/1/2024
Ốp lưng Magsafe iPhone 16 Plus ZAGG Denali KS,650000,10/1/2024
Ốp lưng Magsafe iPhone 16 Pro Max ZAGG Novelty Neko,350000,10/1/2024
Cường lực iPhone 16 Pro Max JCPAL Preserver,390000,10/1/2024
Cường lực chống ánh sáng xanh iPhone 16 Pro JCPAL Preserver,250000,10/1/2024
Dán bảo vệ camera iPhone 16/16 Plus Mipow Titanshield,290000,10/1/2024
Dán bảo vệ camera iPhone 16 Pro/16 Pro Max Mipow Titanshield,350000,10/1/2024
Cường lực chống nhìn trộm iPhone 16 Pro Max Mipow Kingbull HD Premium Silk,390000,10/1/2024
Cường lực chống ánh sáng xanh iPhone 16 Plus/15 Plus ZAGG Elite Edge,390000,10/1/2024
Cường lực chống nhìn trộm iPhone 16 Pro ZAGG Elite Edge,350000,10/1/2024
Dán bảo vệ camera iPhone 16 Pro/16 Pro Max Zeelot Pishield,390000,10/1/2024
Cường lực chống vân tay iPhone 16 Pro Max Zeelot Solidsleek,290000,10/1/2024
Cốc sạc nhanh MOCOLL 20W PD Type-C,790000,10/1/2024
Pin sạc dự phòng Innostyle PowerMax 20.000 mAh 20W IP20KPD,1190000,10/1/2024
Pin sạc dự phòng Innostyle 10.000 mAh 20W PowerMag Duo 2 in 1 IW202,159000,10/1/2024
Pin sạc dự phòng Innostyle 10.000 mAh PowerGo Smart Ai,150000,10/1/2024
Cường lực iPhone 15 Pro T-Rex Ultra-Tempered,150000,10/1/2024
Cường lực iPhone 15 Pro Max T-Rex Ultra-Tempered,1350000,10/1/2024
Đế sạc không dây Innostyle Magstation 3 in 1,1690000,10/1/2024
Cốc sạc nhanh Innostyle 100W GaN Supercube 3C1A,490000,10/1/2024
Túi chống sốc MacBook 14 inch Jinya Classic Sleeve,590000,10/1/2024
Túi chống sốc MacBook 16 inch Jinya Work Sleeve,550000,10/1/2024
Túi chống sốc MacBook 14 inch Jinya Work Sleeve,560000,10/1/2024
Túi chống sốc MacBook 16 inch Jinya Classic Sleeve,2190000,10/1/2024
Pin sạc dự phòng Aukey 27.600 mAh 140W Sprint X,990000,10/1/2024
Phần mềm Microsoft 365 Personal (Dành cho 1 người) | 12 tháng | 1 TB OneDrive / 5 thiết bị / người [Key Gia hạn/mua mới],1490000,10/1/2024
Phần mềm Microsoft 365 Family (Tối đa 6 người) | 12 tháng | 1 TB OneDrive / 5 thiết bị / người [Key Gia hạn/mua mới],2190000,10/1/2024
Phần mềm Microsoft 365 Home & Student 2021 vĩnh viễn PC/Mac/Mobile (1 User/1 thiết bị),199000,10/1/2024
Ốp lưng bảo vệ iPhone 14 Plus ZAGG Clear,550000,10/1/2024
Ốp lưng Magsafe iPhone 15 Pro Max ZAGG Santa Cruz,450000,10/1/2024
Ốp lưng Magsafe iPhone 15 Pro ZAGG Luxe PCR,550000,10/1/2024
Ốp lưng Magsafe iPhone 15 ZAGG Crystal Palace,2160000,10/1/2024
Ốp lưng kèm bàn phím iPad Gen 10 ZAGG Pro Keys,1190000,10/1/2024
Ốp lưng kèm bàn phím iPad 10.2 inch/10.5 inch ZAGG Messenger Folio 2,3390000,10/1/2024
Ốp lưng iPad Pro 12.9 inch ZAGG kèm bàn phím Trackpad,2790000,10/1/2024
Ốp lưng iPad Pro 11 inch ZAGG kèm bàn phím Trackpad,1490000,10/1/2024
Bàn phím ZAGG 7 màu Backlit Keyboard Fabric Stand Flex,2790000,10/1/2024
Ốp lưng kèm bàn phím iPad Pro 12.9 inch 2021 ZAGG Pro Keys,2190000,10/1/2024
Ốp lưng kèm bàn phím iPad Pro 11 inch ZAGG Pro Keys,1990000,10/1/2024
Ốp lưng kèm bàn phím iPad 10.9/11 inch ZAGG Pro Keys,28390000,10/1/2024
iPhone 15 Pro Max 256GB - Chính hãng VN/A,19390000,10/1/2024
iPhone 15 128GB - Chính hãng VN/A,24390000,10/1/2024
iPhone 15 Pro 128GB - Chính hãng VN/A,22290000,10/1/2024
iPhone 15 Plus 128GB - Chính hãng VN/A,34690000,10/1/2024
iPhone 15 Pro Max 512GB - Chính hãng VN/A,22290000,10/1/2024
iPhone 15 256GB - Chính hãng VN/A,27190000,10/1/2024
iPhone 15 Pro 256GB - Chính hãng VN/A,24890000,10/1/2024
iPhone 15 Plus 256GB - Chính hãng VN/A,41790000,10/1/2024
iPhone 15 Pro Max 1TB - Chính hãng VN/A,27990000,10/1/2024
iPhone 15 512GB - Chính hãng VN/A,32990000,10/1/2024
iPhone 15 Pro 512GB - Chính hãng VN/A,28890000,10/1/2024
iPhone 15 Plus 512GB - Chính hãng VN/A,8490000,10/1/2024
iPhone 11 64GB - Chính hãng VN/A,11190000,10/1/2024
iPhone 12 64GB -  Chính hãng VN/A,13890000,10/1/2024
iPhone 13 128GB - Chính Hãng VN/A,16590000,10/1/2024
iPhone 14 128GB - Chính hãng VN/A,9690000,10/1/2024
iPhone 11 128GB -  Chính hãng VN/A,19390000,10/1/2024
iPhone 14 Plus 128GB - Chính hãng VN/A,12990000,10/1/2024
iPhone 12 128GB -  Chính hãng VN/A,18790000,10/1/2024
iPhone 12 256GB -  Chính hãng VN/A,6990000,10/1/2024
iPad Gen 9 Wifi 64GB - Chính Hãng VN,9390000,10/1/2024
iPad Gen 10 Wifi 64GB - Chính hãng VN,15890000,10/1/2024
iPad Air 6 M2 11 inch Wifi 128GB - Chính hãng VN,26990000,10/1/2024
iPad Pro M4 11 inch Wifi 256GB - Chính hãng VN,12290000,10/1/2024
iPad Mini 6 Wifi 64GB - Chính Hãng VN,13190000,10/1/2024
iPad Gen 10 Wifi 256GB - Chính hãng VN,19890000,10/1/2024
iPad Air 6 M2 11 inch 5G 128GB- Chính hãng VN,32290000,10/1/2024
iPad Pro M4 11 inch 5G 256GB - Chính hãng VN,32190000,10/1/2024
iPad Pro M4 11 inch Wifi 512GB - Chính hãng VN,18690000,10/1/2024
iPad Air 6 M2 11 inch Wifi 256GB - Chính hãng VN,17990000,10/1/2024
MacBook Air M1 13 inch 8GB/256GB - Chính Hãng VN,23190000,10/1/2024
MacBook Air M2 13 inch 8GB/256GB - Chính Hãng VN,26390000,10/1/2024
MacBook Air M3 13 inch 8GB/256GB - Chính Hãng VN,37990000,10/1/2024
MacBook Pro M3 14 inch 8GB/512GB Chính Hãng VN,28390000,10/1/2024
MacBook Air M2 13 inch 16GB/256GB - Chính Hãng VN,30890000,10/1/2024
MacBook Air M3 15 inch 8GB/256GB - Chính Hãng VN,43290000,10/1/2024
MacBook Pro M3 14 inch 16GB/512GB Chính Hãng VN,31090000,10/1/2024
MacBook Air M3 13 inch 16GB/256GB - Chính Hãng VN,31090000,10/1/2024
MacBook Air M3 13 inch 8GB/512GB - Chính Hãng VN,48490000,10/1/2024
MacBook Pro M3 14 inch 24GB/512GB - Chính Hãng VN,10890000,10/1/2024
Apple Watch S10 GPS 42mm viền nhôm dây cao su - Chính hãng VN/A,21190000,10/1/2024
Apple Watch S10 LTE 42mm Viền Titan Dây Thép - Chính hãng VN/A,19890000,10/1/2024
Apple Watch S10 LTE 42mm Viền Titan Dây Cao Su - Chính hãng VN/A,25490000,10/1/2024
Apple Watch Ultra 2 2024 GPS + LTE 49mm - Vỏ Titan Dây Thép,13490000,10/1/2024
Apple Watch S10 LTE 42mm Viền Nhôm Dây Cao Su - Chính hãng VN/A,6390000,10/1/2024
Apple Watch SE 2023 GPS 44mm Viền Nhôm Dây Vải - Chính hãng VN/A,9040000,10/1/2024
Apple Watch S9 GPS 41mm Viền Nhôm Dây Vải - Chính hãng VN/A,7040000,10/1/2024
Apple Watch SE 2023 LTE 40mm Viền Nhôm Dây Vải - Chính hãng VN/A,11790000,10/1/2024
Apple Watch S9 LTE 41mm Viền Nhôm Dây Cao Su - Chính hãng VN/A,17990000,10/1/2024
Apple Watch S9 LTE 41mm viền thép dây thép - Chính hãng VN/A,25490000,10/1/2024
Samsung Galaxy Z Flip6 12GB 256GB,39490000,10/1/2024
Samsung Galaxy Z Fold6 12GB 256GB,14990000,10/1/2024
Samsung Galaxy Z Flip5 8GB 512GB,47990000,10/1/2024
Samsung Galaxy Z Fold5 12GB 1TB,17990000,10/1/2024
Samsung Galaxy S24 8GB 256GB,28990000,10/1/2024
Samsung Galaxy S24 Ultra 12GB 256GB,7490000,10/1/2024
Samsung Galaxy A35 5G 8GB 128GB,9090000,10/1/2024
Samsung Galaxy A55 5G 8GB 128GB,4190000,10/1/2024
Samsung Galaxy A15 4G 8GB 128GB,5990000,10/1/2024
Samsung Galaxy A25 5G 6GB 128GB,2790000,10/1/2024
Samsung Galaxy A05 4GB 128GB,3390000,10/1/2024
Samsung Galaxy A05s 4GB 128GB,4990000,10/1/2024
Samsung Galaxy Tab A9 Plus Wifi 4GB 64GB,11990000,10/1/2024
Samsung Galaxy Tab S9 FE Plus Wifi 8GB 128GB,15990000,10/1/2024
Samsung Galaxy Tab S9 Wifi 8GB 128GB,18690000,10/1/2024
Samsung Galaxy Tab S9 5G 8GB 128GB,12990000,10/1/2024
Tai nghe AirPods Pro 2 2024 - Chính hãng VN/A,2750000,10/1/2024
Tai nghe Bluetooth AirPods Max 2024 - Chính hãng VN/A,3790000,10/1/2024
Tai nghe Bluetooth AirPods 2 -  Chính hãng VN (New Fullbox),5390000,10/1/2024
Tai nghe AirPods 3 2022 - Chính hãng VN (New Fullbox),490000,10/1/2024
Tai nghe AirPods Pro 2 2023 (Cổng sạc Type-C) - Chính hãng VN,4690000,10/1/2024
Loa Bluetooth Alpha Works AW-Ride,6590000,10/1/2024
Tai nghe Bluetooth True Wireless JBL Tour Pro 2,9900000,10/1/2024
Tai nghe chụp tai JBL Tour One M2,13500000,10/1/2024
Loa Bluetooth JBL Partybox Encore (Kèm Micro),2600000,10/1/2024
Loa Bluetooth B&O BeoLit 20,7490000,10/1/2024
iPhone 16 Pro Max 256GB - Chính hãng VN/A,34990000,10/2/2024
iPhone 16 Pro Max 512GB - Chính hãng VN/A,40490000,10/2/2024
iPhone 16 Pro 128GB - Chính hãng VN/A,28490000,10/2/2024
iPhone 16 Pro 256GB - Chính hãng VN/A,31490000,10/2/2024
iPhone 16 Plus 128GB - Chính hãng VN/A,25490000,10/2/2024
iPhone 16 128GB - Chính hãng VN/A,22190000,10/2/2024
Tai nghe AirPods Pro 2 2024 - Chính hãng VN/A,10890000,10/2/2024
Apple Watch S10 GPS 42mm viền nhôm dây cao su - Chính hãng VN/A,13490000,10/2/2024
Apple Watch S10 LTE 42mm Viền Nhôm Dây Cao Su - Chính hãng VN/A,19890000,10/2/2024
Apple Watch S10 LTE 42mm Viền Titan Dây Cao Su - Chính hãng VN/A,21190000,10/2/2024
Apple Watch S10 LTE 42mm Viền Titan Dây Thép - Chính hãng VN/A,25490000,10/2/2024
Apple Watch Ultra 2 2024 GPS + LTE 49mm - Vỏ Titan Dây Thép,490000,10/2/2024
Cốc sạc nhanh Apple 20W Type-C Chính Hãng MUVV3ZA,1390000,10/2/2024
Cốc sạc nhanh Apple 35W 2 cổng Type-C Chính Hãng MW2K3ZA,490000,10/2/2024
Cáp Type-C to Lightning Apple 1m Chính Hãng MUQ93ZA,490000,10/2/2024
Cáp Type-C to Type-C Apple 1m dây dù Chính Hãng MQKJ3ZA,1199000,10/2/2024
Đế sạc không dây Apple MagSafe 25W (1m) Chính Hãng MX6X3VN,1129000,10/2/2024
Ốp lưng MagSafe iPhone 16 Apple Clear Chính Hãng,1129000,10/2/2024
Ốp lưng MagSafe iPhone 16 Plus Apple Silicone Chính Hãng,1129000,10/2/2024
Ốp lưng MagSafe iPhone 16 Pro Apple Silicone Chính Hãng,1129000,10/2/2024
Ốp lưng MagSafe iPhone 16 Pro Max Apple Silicone Chính Hãng,1699000,10/2/2024
Ví Apple iPhone FineWoven Wallet with MagSafe - Dark Green,420000,10/2/2024
Ốp lưng Magsafe iPhone 16 Pro Max Mipow Tempered Transparent Clear,690000,10/2/2024
Ốp lưng Magsafe iPhone 16 Pro Max ZAGG Milan,690000,10/2/2024
Ốp lưng Magsafe iPhone 16 LAUT Aero Sparkle,690000,10/2/2024
Ốp lưng Magsafe iPhone 16 Pro LAUT Holo Pearl,490000,10/2/2024
Ốp lưng Magsafe iPhone 16 Pro ESR Classic Hybrid HaloLock,590000,10/2/2024
Ốp lưng Magsafe iPhone 16 ZAGG ESNTL Hampton Matte,890000,10/2/2024
Ốp lưng Magsafe iPhone 16 Plus ZAGG Denali KS,650000,10/2/2024
Ốp lưng Magsafe iPhone 16 Pro Max ZAGG Novelty Neko,350000,10/2/2024
Cường lực iPhone 16 Pro Max JCPAL Preserver,390000,10/2/2024
Cường lực chống ánh sáng xanh iPhone 16 Pro JCPAL Preserver,250000,10/2/2024
Dán bảo vệ camera iPhone 16/16 Plus Mipow Titanshield,290000,10/2/2024
Dán bảo vệ camera iPhone 16 Pro/16 Pro Max Mipow Titanshield,350000,10/2/2024
Cường lực chống nhìn trộm iPhone 16 Pro Max Mipow Kingbull HD Premium Silk,390000,10/2/2024
Cường lực chống ánh sáng xanh iPhone 16 Plus/15 Plus ZAGG Elite Edge,390000,10/2/2024
Cường lực chống nhìn trộm iPhone 16 Pro ZAGG Elite Edge,350000,10/2/2024
Dán bảo vệ camera iPhone 16 Pro/16 Pro Max Zeelot Pishield,390000,10/2/2024
Cường lực chống vân tay iPhone 16 Pro Max Zeelot Solidsleek,290000,10/2/2024
Cốc sạc nhanh MOCOLL 20W PD Type-C,790000,10/2/2024
Pin sạc dự phòng Innostyle PowerMax 20.000 mAh 20W IP20KPD,1190000,10/2/2024
Pin sạc dự phòng Innostyle 10.000 mAh 20W PowerMag Duo 2 in 1 IW202,159000,10/2/2024
Pin sạc dự phòng Innostyle 10.000 mAh PowerGo Smart Ai,150000,10/2/2024
Cường lực iPhone 15 Pro T-Rex Ultra-Tempered,150000,10/2/2024
Cường lực iPhone 15 Pro Max T-Rex Ultra-Tempered,1350000,10/2/2024
Đế sạc không dây Innostyle Magstation 3 in 1,1690000,10/2/2024
Cốc sạc nhanh Innostyle 100W GaN Supercube 3C1A,490000,10/2/2024
Túi chống sốc MacBook 14 inch Jinya Classic Sleeve,590000,10/2/2024
Túi chống sốc MacBook 16 inch Jinya Work Sleeve,550000,10/2/2024
Túi chống sốc MacBook 14 inch Jinya Work Sleeve,560000,10/2/2024
Túi chống sốc MacBook 16 inch Jinya Classic Sleeve,2190000,10/2/2024
Pin sạc dự phòng Aukey 27.600 mAh 140W Sprint X,990000,10/2/2024
Phần mềm Microsoft 365 Personal (Dành cho 1 người) | 12 tháng | 1 TB OneDrive / 5 thiết bị / người [Key Gia hạn/mua mới],1490000,10/2/2024
Phần mềm Microsoft 365 Family (Tối đa 6 người) | 12 tháng | 1 TB OneDrive / 5 thiết bị / người [Key Gia hạn/mua mới],2190000,10/2/2024
Phần mềm Microsoft 365 Home & Student 2021 vĩnh viễn PC/Mac/Mobile (1 User/1 thiết bị),199000,10/2/2024
Ốp lưng bảo vệ iPhone 14 Plus ZAGG Clear,550000,10/2/2024
Ốp lưng Magsafe iPhone 15 Pro Max ZAGG Santa Cruz,450000,10/2/2024
Ốp lưng Magsafe iPhone 15 Pro ZAGG Luxe PCR,550000,10/2/2024
Ốp lưng Magsafe iPhone 15 ZAGG Crystal Palace,2160000,10/2/2024
Ốp lưng kèm bàn phím iPad Gen 10 ZAGG Pro Keys,1190000,10/2/2024
Ốp lưng kèm bàn phím iPad 10.2 inch/10.5 inch ZAGG Messenger Folio 2,3390000,10/2/2024
Ốp lưng iPad Pro 12.9 inch ZAGG kèm bàn phím Trackpad,1490000,10/2/2024
Ốp lưng iPad Pro 11 inch ZAGG kèm bàn phím Trackpad,2790000,10/2/2024
Bàn phím ZAGG 7 màu Backlit Keyboard Fabric Stand Flex,2190000,10/2/2024
Ốp lưng kèm bàn phím iPad Pro 12.9 inch 2021 ZAGG Pro Keys,1990000,10/2/2024
Ốp lưng kèm bàn phím iPad Pro 11 inch ZAGG Pro Keys,28390000,10/2/2024
Ốp lưng kèm bàn phím iPad 10.9/11 inch ZAGG Pro Keys,19390000,10/2/2024
iPhone 15 Pro Max 256GB - Chính hãng VN/A,24490000,10/2/2024
iPhone 15 128GB - Chính hãng VN/A,22290000,10/2/2024
iPhone 15 Pro 128GB - Chính hãng VN/A,34690000,10/2/2024
iPhone 15 Plus 128GB - Chính hãng VN/A,22290000,10/2/2024
iPhone 15 Pro Max 512GB - Chính hãng VN/A,27290000,10/2/2024
iPhone 15 256GB - Chính hãng VN/A,24890000,10/2/2024
iPhone 15 Pro 256GB - Chính hãng VN/A,41790000,10/2/2024
iPhone 15 Plus 256GB - Chính hãng VN/A,27990000,10/2/2024
iPhone 15 Pro Max 1TB - Chính hãng VN/A,32990000,10/2/2024
iPhone 15 512GB - Chính hãng VN/A,28890000,10/2/2024
iPhone 15 Pro 512GB - Chính hãng VN/A,8490000,10/2/2024
iPhone 15 Plus 512GB - Chính hãng VN/A,11190000,10/2/2024
iPhone 11 64GB - Chính hãng VN/A,13890000,10/2/2024
iPhone 12 64GB -  Chính hãng VN/A,16590000,10/2/2024
iPhone 13 128GB - Chính Hãng VN/A,9690000,10/2/2024
iPhone 14 128GB - Chính hãng VN/A,19390000,10/2/2024
iPhone 11 128GB -  Chính hãng VN/A,12990000,10/2/2024
iPhone 14 Plus 128GB - Chính hãng VN/A,18790000,10/2/2024
iPhone 12 128GB -  Chính hãng VN/A,6990000,10/2/2024
iPhone 12 256GB -  Chính hãng VN/A,9390000,10/2/2024
iPad Gen 9 Wifi 64GB - Chính Hãng VN,15890000,10/2/2024
iPad Gen 10 Wifi 64GB - Chính hãng VN,26990000,10/2/2024
iPad Air 6 M2 11 inch Wifi 128GB - Chính hãng VN,12290000,10/2/2024
iPad Pro M4 11 inch Wifi 256GB - Chính hãng VN,13190000,10/2/2024
iPad Mini 6 Wifi 64GB - Chính Hãng VN,19890000,10/2/2024
iPad Gen 10 Wifi 256GB - Chính hãng VN,32290000,10/2/2024
iPad Air 6 M2 11 inch 5G 128GB- Chính hãng VN,32190000,10/2/2024
iPad Pro M4 11 inch 5G 256GB - Chính hãng VN,18690000,10/2/2024
iPad Pro M4 11 inch Wifi 512GB - Chính hãng VN,17990000,10/2/2024
iPad Air 6 M2 11 inch Wifi 256GB - Chính hãng VN,23190000,10/2/2024
MacBook Air M1 13 inch 8GB/256GB - Chính Hãng VN,26390000,10/2/2024
MacBook Air M2 13 inch 8GB/256GB - Chính Hãng VN,37990000,10/2/2024
MacBook Air M3 13 inch 8GB/256GB - Chính Hãng VN,28390000,10/2/2024
MacBook Pro M3 14 inch 8GB/512GB Chính Hãng VN,30890000,10/2/2024
MacBook Air M2 13 inch 16GB/256GB - Chính Hãng VN,43290000,10/2/2024
MacBook Air M3 15 inch 8GB/256GB - Chính Hãng VN,31090000,10/2/2024
MacBook Pro M3 14 inch 16GB/512GB Chính Hãng VN,31090000,10/2/2024
MacBook Air M3 13 inch 16GB/256GB - Chính Hãng VN,48490000,10/2/2024
MacBook Air M3 13 inch 8GB/512GB - Chính Hãng VN,10890000,10/2/2024
MacBook Pro M3 14 inch 24GB/512GB - Chính Hãng VN,21190000,10/2/2024
Apple Watch S10 GPS 42mm viền nhôm dây cao su - Chính hãng VN/A,19890000,10/2/2024
Apple Watch S10 LTE 42mm Viền Titan Dây Thép - Chính hãng VN/A,25490000,10/2/2024
Apple Watch S10 LTE 42mm Viền Titan Dây Cao Su - Chính hãng VN/A,13490000,10/2/2024
Apple Watch Ultra 2 2024 GPS + LTE 49mm - Vỏ Titan Dây Thép,6390000,10/2/2024
Apple Watch S10 LTE 42mm Viền Nhôm Dây Cao Su - Chính hãng VN/A,9040000,10/2/2024
Apple Watch SE 2023 GPS 44mm Viền Nhôm Dây Vải - Chính hãng VN/A,7040000,10/2/2024
Apple Watch S9 GPS 41mm Viền Nhôm Dây Vải - Chính hãng VN/A,11790000,10/2/2024
Apple Watch SE 2023 LTE 40mm Viền Nhôm Dây Vải - Chính hãng VN/A,17990000,10/2/2024
Apple Watch S9 LTE 41mm Viền Nhôm Dây Cao Su - Chính hãng VN/A,26990000,10/2/2024
Apple Watch S9 LTE 41mm viền thép dây thép - Chính hãng VN/A,41990000,10/2/2024
Samsung Galaxy Z Flip6 12GB 256GB,17990000,10/2/2024
Samsung Galaxy Z Fold6 12GB 256GB,47990000,10/2/2024
Samsung Galaxy Z Flip5 8GB 512GB,22990000,10/2/2024
Samsung Galaxy Z Fold5 12GB 1TB,29990000,10/2/2024
Samsung Galaxy S24 8GB 256GB,7990000,10/2/2024
Samsung Galaxy S24 Ultra 12GB 256GB,9690000,10/2/2024
Samsung Galaxy A35 5G 8GB 128GB,4490000,10/2/2024
Samsung Galaxy A55 5G 8GB 128GB,5990000,10/2/2024
Samsung Galaxy A15 4G 8GB 128GB,3090000,10/2/2024
Samsung Galaxy A25 5G 6GB 128GB,3590000,10/2/2024
Samsung Galaxy A05 4GB 128GB,5490000,10/2/2024
Samsung Galaxy A05s 4GB 128GB,12990000,10/2/2024
Samsung Galaxy Tab A9 Plus Wifi 4GB 64GB,17590000,10/2/2024
Samsung Galaxy Tab S9 FE Plus Wifi 8GB 128GB,19990000,10/2/2024
Samsung Galaxy Tab S9 Wifi 8GB 128GB,12990000,10/2/2024
Samsung Galaxy Tab S9 5G 8GB 128GB,2750000,10/2/2024
Tai nghe AirPods Pro 2 2024 - Chính hãng VN/A,3790000,10/2/2024
Tai nghe Bluetooth AirPods Max 2024 - Chính hãng VN/A,5390000,10/2/2024
Tai nghe Bluetooth AirPods 2 -  Chính hãng VN (New Fullbox),490000,10/2/2024
Tai nghe AirPods 3 2022 - Chính hãng VN (New Fullbox),4690000,10/2/2024
Tai nghe AirPods Pro 2 2023 (Cổng sạc Type-C) - Chính hãng VN,6590000,10/2/2024
Loa Bluetooth Alpha Works AW-Ride,9900000,10/2/2024
Tai nghe Bluetooth True Wireless JBL Tour Pro 2,13500000,10/2/2024
Tai nghe chụp tai JBL Tour One M2,2600000,10/2/2024
Loa Bluetooth JBL Partybox Encore (Kèm Micro),7490000,10/2/2024
iPhone 16 Pro Max 256GB - Chính hãng VN/A,35490000,10/4/2024
iPhone 16 Pro Max 512GB - Chính hãng VN/A,41490000,10/4/2024
iPhone 16 Pro 128GB - Chính hãng VN/A,28490000,10/4/2024
iPhone 16 Pro 256GB - Chính hãng VN/A,31490000,10/4/2024
iPhone 16 Plus 128GB - Chính hãng VN/A,25490000,10/4/2024
iPhone 16 128GB - Chính hãng VN/A,22190000,10/4/2024
Tai nghe AirPods Pro 2 2024 - Chính hãng VN/A,10890000,10/4/2024
Apple Watch S10 GPS 42mm viền nhôm dây cao su - Chính hãng VN/A,13490000,10/4/2024
Apple Watch S10 LTE 42mm Viền Nhôm Dây Cao Su - Chính hãng VN/A,19890000,10/4/2024
Apple Watch S10 LTE 42mm Viền Titan Dây Cao Su - Chính hãng VN/A,21190000,10/4/2024
Apple Watch S10 LTE 42mm Viền Titan Dây Thép - Chính hãng VN/A,490000,10/4/2024
Cốc sạc nhanh Apple 20W Type-C Chính Hãng MUVV3ZA,1390000,10/4/2024
Cốc sạc nhanh Apple 35W 2 cổng Type-C Chính Hãng MW2K3ZA,490000,10/4/2024
Cáp Type-C to Lightning Apple 1m Chính Hãng MUQ93ZA,490000,10/4/2024
Cáp Type-C to Type-C Apple 1m dây dù Chính Hãng MQKJ3ZA,1199000,10/4/2024
Đế sạc không dây Apple MagSafe 25W (1m) Chính Hãng MX6X3VN,1129000,10/4/2024
Ốp lưng MagSafe iPhone 16 Apple Clear Chính Hãng,1129000,10/4/2024
Ốp lưng MagSafe iPhone 16 Plus Apple Silicone Chính Hãng,1129000,10/4/2024
Ốp lưng MagSafe iPhone 16 Pro Apple Silicone Chính Hãng,1129000,10/4/2024
Ốp lưng MagSafe iPhone 16 Pro Max Apple Silicone Chính Hãng,1699000,10/4/2024
Ví Apple iPhone FineWoven Wallet with MagSafe - Dark Green,420000,10/4/2024
Ốp lưng Magsafe iPhone 16 Pro Max Mipow Tempered Transparent Clear,690000,10/4/2024
Ốp lưng Magsafe iPhone 16 Pro Max ZAGG Milan,690000,10/4/2024
Ốp lưng Magsafe iPhone 16 LAUT Aero Sparkle,690000,10/4/2024
Ốp lưng Magsafe iPhone 16 Pro LAUT Holo Pearl,490000,10/4/2024
Ốp lưng Magsafe iPhone 16 Pro ESR Classic Hybrid HaloLock,590000,10/4/2024
Ốp lưng Magsafe iPhone 16 ZAGG ESNTL Hampton Matte,890000,10/4/2024
Ốp lưng Magsafe iPhone 16 Plus ZAGG Denali KS,650000,10/4/2024
Ốp lưng Magsafe iPhone 16 Pro Max ZAGG Novelty Neko,350000,10/4/2024
Cường lực iPhone 16 Pro Max JCPAL Preserver,390000,10/4/2024
Cường lực chống ánh sáng xanh iPhone 16 Pro JCPAL Preserver,250000,10/4/2024
Dán bảo vệ camera iPhone 16/16 Plus Mipow Titanshield,290000,10/4/2024
Dán bảo vệ camera iPhone 16 Pro/16 Pro Max Mipow Titanshield,350000,10/4/2024
Cường lực chống nhìn trộm iPhone 16 Pro Max Mipow Kingbull HD Premium Silk,390000,10/4/2024
Cường lực chống ánh sáng xanh iPhone 16 Plus/15 Plus ZAGG Elite Edge,390000,10/4/2024
Cường lực chống nhìn trộm iPhone 16 Pro ZAGG Elite Edge,350000,10/4/2024
Dán bảo vệ camera iPhone 16 Pro/16 Pro Max Zeelot Pishield,390000,10/4/2024
Cường lực chống vân tay iPhone 16 Pro Max Zeelot Solidsleek,490000,10/4/2024
Cốc sạc nhanh Apple 20W Type-C Chính Hãng MUVV3ZA,350000,10/4/2024
Cốc sạc nhanh Mophie Essentials 30W Type-C PD GaN,350000,10/4/2024
Cốc sạc nhanh Belkin 25W Type-C PD Wall Charger,290000,10/4/2024
Cốc sạc nhanh MOCOLL 20W PD Type-C,260000,10/4/2024
Ốp lưng iPhone 16 Mipow Tempered Transparent Clear,260000,10/4/2024
Ốp lưng iPhone 16 Plus Mipow Tempered Transparent Clear,260000,10/4/2024
Ốp lưng iPhone 16 Pro Mipow Tempered Transparent Clear,260000,10/4/2024
Ốp lưng iPhone 16 Pro Max Mipow Tempered Transparent Clear,490000,10/4/2024
Ốp lưng Magsafe iPhone 16 ESR Classic Hybrid HaloLock,490000,10/4/2024
Ốp lưng Magsafe iPhone 16 Plus ESR Classic Hybrid HaloLock,490000,10/4/2024
Ốp lưng Magsafe iPhone 16 Pro ESR Classic Hybrid HaloLock,490000,10/4/2024
Ốp lưng Magsafe iPhone 16 Pro Max ESR Classic Hybrid HaloLock,350000,10/4/2024
Cường lực iPhone 16/15 JCPAL Preserver,350000,10/4/2024
Cường lực iPhone 16 Plus/15 Plus JCPAL Preserver,350000,10/4/2024
Cường lực iPhone 16 Pro JCPAL Preserver,350000,10/4/2024
Cường lực iPhone 16 Pro Max JCPAL Preserver,250000,10/4/2024
Dán bảo vệ camera iPhone 16/16 Plus ZAGG Premium,250000,10/4/2024
Dán bảo vệ camera iPhone 16 Pro/16 Pro Max ZAGG Premium,1129000,10/4/2024
Ốp lưng MagSafe iPhone 16 Apple Silicone Chính Hãng,1129000,10/4/2024
Ốp lưng MagSafe iPhone 16 Plus Apple Silicone Chính Hãng,1129000,10/4/2024
Ốp lưng MagSafe iPhone 16 Pro Apple Silicone Chính Hãng,1129000,10/4/2024
Ốp lưng MagSafe iPhone 16 Pro Max Apple Silicone Chính Hãng,1129000,10/4/2024
Ốp lưng MagSafe iPhone 16 Apple Clear Chính Hãng,1129000,10/4/2024
Ốp lưng MagSafe iPhone 16 Plus Apple Clear Chính Hãng,1129000,10/4/2024
Ốp lưng MagSafe iPhone 16 Pro Apple Clear Chính Hãng,1129000,10/4/2024
Ốp lưng MagSafe iPhone 16 Pro Max Apple Clear Chính Hãng,790000,10/4/2024
Ốp lưng Magsafe iPhone 16 LAUT Matter,690000,10/4/2024
Ốp lưng Magsafe iPhone 16 LAUT Aero Sparkle,690000,10/4/2024
Ốp lưng Magsafe iPhone 16 Pro LAUT Holo Pearl,790000,10/4/2024
Ốp lưng Magsafe iPhone 16 Pro Max LAUT Matter,690000,10/4/2024
Ốp lưng Magsafe iPhone 16 Pro Max LAUT Aero Sparkle,790000,10/4/2024
Ốp lưng Magsafe iPhone 16 Pro LAUT Matter,690000,10/4/2024
Ốp lưng Magsafe iPhone 16 Pro LAUT Aero Sparkle,790000,10/4/2024
Ốp lưng Magsafe iPhone 16 Plus LAUT Matter,535000,10/4/2024
Ốp lưng Magsafe iPhone 16 Pro Max UNIQ LifePro Xtreme,535000,10/4/2024
Ốp lưng Magsafe iPhone 16 UNIQ LifePro Xtreme,535000,10/4/2024
Ốp lưng Magsafe iPhone 16 Pro UNIQ LifePro Xtreme,650000,10/4/2024
Ốp lưng Magsafe iPhone 16 Pro Max UNIQ Eleva With Vertical Stand,635000,10/4/2024
Ốp lưng Magsafe iPhone 16 Pro UNIQ Eleva With Vertical Stand,425000,10/4/2024
Ốp lưng iPhone 16 Pro Max Spigen Crystal Slot Crystal Clear,425000,10/4/2024
Ốp lưng iPhone 16 Plus Spigen Crystal Slot Crystal Clear,390000,10/4/2024
Ốp lưng iPhone 16 Pro Max Spigen Liquid Crystal Clear,390000,10/4/2024
Ốp lưng iPhone 16 Plus Spigen Liquid Crystal Clear,390000,10/4/2024
Ốp lưng iPhone 16 Pro Spigen Liquid Crystal Clear,350000,10/4/2024
Ốp lưng iPhone 16 ZAGG ESNTL Clear,350000,10/4/2024
Ốp lưng iPhone 16 Plus ZAGG ESNTL Clear,350000,10/4/2024
Ốp lưng iPhone 16 Pro ZAGG ESNTL Clear,350000,10/4/2024
Ốp lưng iPhone 16 Pro Max ZAGG ESNTL Clear,490000,10/4/2024
Ốp lưng Magsafe iPhone 16 ZAGG ESNTL Clear,650000,10/4/2024
Ốp lưng Magsafe iPhone 16 Plus ZAGG Crystal Palace,790000,10/4/2024
Ốp lưng Magsafe iPhone 16 Plus ZAGG Crystal Palace KS,790000,10/4/2024
Ốp lưng Magsafe iPhone 16 ZAGG Crystal Palace KS,28390000,10/4/2024
iPhone 15 Pro Max 256GB - Chính hãng VN/A,19390000,10/4/2024
iPhone 15 128GB - Chính hãng VN/A,24490000,10/4/2024
iPhone 15 Pro 128GB - Chính hãng VN/A,22290000,10/4/2024
iPhone 15 Plus 128GB - Chính hãng VN/A,34690000,10/4/2024
iPhone 15 Pro Max 512GB - Chính hãng VN/A,22290000,10/4/2024
iPhone 15 256GB - Chính hãng VN/A,27290000,10/4/2024
iPhone 15 Pro 256GB - Chính hãng VN/A,24890000,10/4/2024
iPhone 15 Plus 256GB - Chính hãng VN/A,41790000,10/4/2024
iPhone 15 Pro Max 1TB - Chính hãng VN/A,27990000,10/4/2024
iPhone 15 512GB - Chính hãng VN/A,32990000,10/4/2024
iPhone 15 Pro 512GB - Chính hãng VN/A,28890000,10/4/2024
iPhone 15 Plus 512GB - Chính hãng VN/A,8490000,10/4/2024
iPhone 11 64GB - Chính hãng VN/A,11190000,10/4/2024
iPhone 12 64GB -  Chính hãng VN/A,13890000,10/4/2024
iPhone 13 128GB - Chính Hãng VN/A,16590000,10/4/2024
iPhone 14 128GB - Chính hãng VN/A,9690000,10/4/2024
iPhone 11 128GB -  Chính hãng VN/A,19390000,10/4/2024
iPhone 14 Plus 128GB - Chính hãng VN/A,12990000,10/4/2024
iPhone 12 128GB -  Chính hãng VN/A,18790000,10/4/2024
iPhone 12 256GB -  Chính hãng VN/A,6940000,10/4/2024
iPad Gen 9 Wifi 64GB - Chính Hãng VN,9290000,10/4/2024
iPad Gen 10 Wifi 64GB - Chính hãng VN,15790000,10/4/2024
iPad Air 6 M2 11 inch Wifi 128GB - Chính hãng VN,26890000,10/4/2024
iPad Pro M4 11 inch Wifi 256GB - Chính hãng VN,12290000,10/4/2024
iPad Mini 6 Wifi 64GB - Chính Hãng VN,13090000,10/4/2024
iPad Gen 10 Wifi 256GB - Chính hãng VN,19790000,10/4/2024
iPad Air 6 M2 11 inch 5G 128GB- Chính hãng VN,32190000,10/4/2024
iPad Pro M4 11 inch 5G 256GB - Chính hãng VN,32090000,10/4/2024
iPad Pro M4 11 inch Wifi 512GB - Chính hãng VN,18590000,10/4/2024
iPad Air 6 M2 11 inch Wifi 256GB - Chính hãng VN,18090000,10/4/2024
MacBook Air M1 13 inch 8GB/256GB - Chính Hãng VN,23090000,10/4/2024
MacBook Air M2 13 inch 8GB/256GB - Chính Hãng VN,26290000,10/4/2024
MacBook Air M3 13 inch 8GB/256GB - Chính Hãng VN,37990000,10/4/2024
MacBook Pro M3 14 inch 8GB/512GB Chính Hãng VN,28390000,10/4/2024
MacBook Air M2 13 inch 16GB/256GB - Chính Hãng VN,30790000,10/4/2024
MacBook Air M3 15 inch 8GB/256GB - Chính Hãng VN,43290000,10/4/2024
MacBook Pro M3 14 inch 16GB/512GB Chính Hãng VN,30990000,10/4/2024
MacBook Air M3 13 inch 16GB/256GB - Chính Hãng VN,30990000,10/4/2024
MacBook Air M3 13 inch 8GB/512GB - Chính Hãng VN,48490000,10/4/2024
MacBook Pro M3 14 inch 24GB/512GB - Chính Hãng VN,10890000,10/4/2024
Apple Watch S10 GPS 42mm viền nhôm dây cao su - Chính hãng VN/A,21190000,10/4/2024
Apple Watch S10 LTE 42mm Viền Titan Dây Thép - Chính hãng VN/A,19890000,10/4/2024
Apple Watch S10 LTE 42mm Viền Titan Dây Cao Su - Chính hãng VN/A,13490000,10/4/2024
Apple Watch S10 LTE 42mm Viền Nhôm Dây Cao Su - Chính hãng VN/A,6340000,10/4/2024
Apple Watch SE 2023 GPS 44mm Viền Nhôm Dây Vải - Chính hãng VN/A,9040000,10/4/2024
Apple Watch S9 GPS 41mm Viền Nhôm Dây Vải - Chính hãng VN/A,6990000,10/4/2024
Apple Watch SE 2023 LTE 40mm Viền Nhôm Dây Vải - Chính hãng VN/A,11790000,10/4/2024
Apple Watch S9 LTE 41mm Viền Nhôm Dây Cao Su - Chính hãng VN/A,17990000,10/4/2024
Apple Watch S9 LTE 41mm viền thép dây thép - Chính hãng VN/A,25490000,10/4/2024
Samsung Galaxy Z Flip6 12GB 256GB,38490000,10/4/2024
Samsung Galaxy Z Fold6 12GB 256GB,19090000,10/4/2024
Samsung Galaxy Z Flip5 8GB 512GB,47990000,10/4/2024
Samsung Galaxy Z Fold5 12GB 1TB,16490000,10/4/2024
Samsung Galaxy S24 8GB 256GB,27090000,10/4/2024
Samsung Galaxy S24 Ultra 12GB 256GB,7290000,10/4/2024
Samsung Galaxy A35 5G 8GB 128GB,9090000,10/4/2024
Samsung Galaxy A55 5G 8GB 128GB,4150000,10/4/2024
Samsung Galaxy A15 4G 8GB 128GB,5590000,10/4/2024
Samsung Galaxy A25 5G 6GB 128GB,2790000,10/4/2024
Samsung Galaxy A05 4GB 128GB,3290000,10/4/2024
Samsung Galaxy A05s 4GB 128GB,4990000,10/4/2024
Samsung Galaxy Tab A9 Plus Wifi 4GB 64GB,11990000,10/4/2024
Samsung Galaxy Tab S9 FE Plus Wifi 8GB 128GB,15990000,10/4/2024
Samsung Galaxy Tab S9 Wifi 8GB 128GB,18690000,10/4/2024
Samsung Galaxy Tab S9 5G 8GB 128GB,12990000,10/4/2024
Tai nghe AirPods Pro 2 2024 - Chính hãng VN/A,2750000,10/4/2024
Tai nghe Bluetooth AirPods Max 2024 - Chính hãng VN/A,3790000,10/4/2024
Tai nghe Bluetooth AirPods 2 -  Chính hãng VN (New Fullbox),5390000,10/4/2024
Tai nghe AirPods 3 2022 - Chính hãng VN (New Fullbox),490000,10/4/2024
Tai nghe AirPods Pro 2 2023 (Cổng sạc Type-C) - Chính hãng VN,4690000,10/4/2024
Loa Bluetooth Alpha Works AW-Ride,6590000,10/4/2024
Tai nghe Bluetooth True Wireless JBL Tour Pro 2,9900000,10/4/2024
Tai nghe chụp tai JBL Tour One M2,13500000,10/4/2024
Loa Bluetooth JBL Partybox Encore (Kèm Micro),2600000,10/4/2024
Loa Bluetooth B&O BeoLit 20,7490000,10/4/2024
